Product Name,Price
Personalized Vinyl Record with Photo - Acrylic Song Plaque - Anniversary Gift for Friends - Birthday Gift for Her Him - Christmas Gifts,16.89
Custom Neon Sign | Neon Sign | Wedding Signs | Name Neon Signs | LED Neon Light Sign | Wedding Bridesmaid Gifts | Wall Decor | Home Decor,21.0
Hummingbird stained glass window hangings Mothers Day gift Hummingbird gift Custom stained glass bird suncatcher Custom stained glass art,34.9
Personalized Engraved Working Compass with Custom Handwriting  Gift for Men Anniversary  Gifts for Dad Birthday,37.0
Desk Plaque - Personalized Acrylic Name Plate for Desk- Custom Name Sign - Professional Gift for Graduation  Promotion  New Job,19.92
Custom Wood Sign | Personalized Family Name Sign | Last Name Pallet Sign | Wedding Gift | Home Wall Decor | Anniversary Gift,38.5
Our First Home Map  Magnetic Key Holder For Wall  Custom Coordinates Wood Map Key Organizer  Housewarming Gift for Couple,69.3
Personalized Whiskey Glass Decanter  - The Perfect Gift For Him  Boyfriend Gift or Wedding Gift,54.19
Personalized Full gray canvas apron with adjustable  straps for restaurant bakery cafe  kitchen,18.5
World Map Wall Art Push Pin Map  Cork Board Wooden Travel Map Wall Decor  Wood Wall Map 5th Anniversary Gift  3 Panel Wall Art,144.9
Pull Out Photo Album  Valentines Memory Collection  Personalised Wooden Photo Frame  Gift for Him  Trinket Wooden Box  First Christmas Gift,33.99
Astrology Night Light - Personalized Night Light - Zodiac Night Light - Zodiac Sign Gift - Astronomy Gifts - Gift For Boyfriend / Girlfriend,23.76
Custom Embroidered Pillow Personalized Gift  Home Decor  Anniversary Gift  Boyfriend Gift Idea  Birthday Gift for Him  Custom Throw Pillow,9.9
Handmade Paper Foldable Lamp  Unique Bedside Night Light   Decorative lamp  Aesthetic Home Decor  Housewarming Gift  Unique Decor.,47.39
Custom 2-in Monogrammed Whiskey Ice Tray  Personalized Silicone Cocktail Ice Cube Mold  Gift for Him  Silicone Barware  Client Gift,15.99
Faceless Portrait  custom illustration  personalised photo  photo illustration  personalised portrait  boyfriend gift  girlfriend gift,5.4
Personalized Blanket for Adults Wholesale  Monogram Custom Throw Blanket  Couples Gift Blanket  Wedding Favors  Cotton Anniversary Gift,31.9
Hummingbird suncatcher window hangings Set of 3 hummingbirds Bird lover gift Stained glass decor Gift for mom Glass bird decor,28.75
Personalized Constellation Chart Lamp - Gift Star Map on Night Light - Gift for Boyfriend / Girlfriend - Stars Chart Gift for Couples,24.9
Personalised Couples Large Matchbox,33.57
Sea Wave Ceramic Matcha Bowl with Bamboo Whisk and Chasen Holders,35.62
Personalized Desk Name Plate with Wooden Base  Lighted Acrylic Nameplate  Desk Accessories  Office Gifts for Boss Coworkers  New Job Gifts,27.28
Inexterior couch bar - couch butler - snack bar for a cozy sofa evening with chips  snacks and drinks or as a gift!,42.32
Willow anniversary pottery gifts 9th 9 ninth anniversary gift for her flower vase for wife him  custom inscription personalized monogrammed,58.0
Personalized square jewelry box  travel jewelry case  jewelry organizer bridesmaid gift for sister  friend,6.98
3d World Map  Cork World Map Wall Art  Wooden World Map Push Pin  Personalized Travel Map  Above Bed Decor  Pin Board Apartment Decor,144.9
3D Wooden World Map  5th Anniversary Gift for Couples  Wood Map of the World Travel Wall DÃ©cor  World Traveler Gift  Office World Map,60.0
Custom Night Light as Valentines Day Gift - Anniversary Gifts - Romantic Gift for Couple - Gift for Him - Names and Date - Engagement Gifts,33.9
Best Friend Gift Personalized  Custom Portrait  Best Friend Birthday Gifts For Her  Friendship Gift  One Line Best Friend Gift For Women Mom,9.99
Table Lamp DISTORTION | Wood Table Lamp | Bedside Lamp | Wooden Lamp|Wood Base Lamp| Decorative Lamp|Wood Lamp|Wood Lampshade |Beech |Walnut,138.95
Wooden World Map Wall Art  Push Pin Travel World Map  Large Personalized World Map  Cork World Map Apartment Decor  5th Anniversary Gift,144.9
Sheep Felt Coasters - Cute Housewarming Gift - Set of 6 felt coasters on a plywood sheep stand,16.9
Neon Sign Custom Name  Custom Neon Sign Battery Operated  Neon Sign Custom Wedding  Neon Name Sign  Custom Led Neon Sign For Wedding,71.0
Engraved Birth Flower jewellery Box  Travel Jewelry Box  Birthday Gift  Bridal Party Gifts  Bridesmaid Gifts  Gift for her,6.2
Stained glass Kingfisher stained glass suncatcher for windows  bird decor stained glass window hanging custom stained glass Christmas Gift,46.95
Custom Name Neon Sign For Kids  Neon Sign Bedroom Neon Sign Custom Neon Sign Bedroom Bedroom Decor Kids Room Decor  Home Decor Gift For Kids,40.29
Custom Bottle Water Bottle  Personalized Bottle  Custom Bottle Personalized Gift  Personalized Tumbler Bridesmaid GIft Bridesmaid Proposal,18.89
Personalized Whiskey Decanter Set  - The Perfect Gift For Him  Boyfriend Gift or Wedding Gift Fathers Day,64.91
Personalized Family Name Doormat - Housewarming Gift - Family Name Doormat  - Personalized Doormat - Custom Welcome Mat - Custom Doormat,14.95
Gift for Mom - Gift Idea for Mom - Gift for Mommy - Personalized Gift for Mom - Mother's Day Gift 2024 - Gift for Mother in Law - Custom Mom,33.9
Stars Chart as Valentines Gift for Couples - Gift Star Map on Night Light - Personalized Constellation Map - 1st 5th 10th Anniversary Gifts,24.9
New Lavender Gardening Gloves,17.25
Desk Shelf Monitor Stand with storage  Desk Monitor Riser wood  Monitor Shelf wooden,98.94
Personalized Knit Baby Blanket | Embroidery Gift for Baby Shower | Stroller Blanket | Monogrammed Newborn Baby Gift | Soft Cotton Knit,29.62
Personalized Song Plaque Anniversary Gift For Him  Anniversary Gift For Boyfriend  Acrylic Music Plaque  Gift for Her  Mothers Day Gift,7.6
Wood Pendant Light | Mid Century Modern | Handmade Lamp | Ceiling Lamp | Chandelier Lighting | Industrial Lamp | Wood Lampshade | Lamp Shade,156.74
personalized jewelry box Custom Jewelry Boxes Bridesmaid Jewelry Box Travel Jewelry Case  Custom Name Jewelry box,6.2
Custom Line Drawing  First Anniversary Gift  portrait from photo  gift for boyfriend  Unique Husband Gift  Lesbian Gift  Gift for Him,7.2
Moon Suncatcher - Gift from Ireland - Wood & Crystal - Mother's Day - Wooden Gift  LARGE Version,41.13
The Last Pickle - Signed Fine Art Print,19.03
Personalized Night Light with Moon & Stars - Nursery Decor - Custom Name Light Night Gift - Kids Room Decor - Personalized Gifts for Kids,33.9
Custom Wooden Wedding Ceremony Ring Box Personalized Engraved Engagement Ring Box Square Ring Bearer Anniversary Proposal Ring Box Holder,8.22
Wooden Foldable Laptop Stand  Portable Lap Desk  Laptop Bed Tray  Breakfast Serving Tray  Multifunctional Stand  Work From Home Gift for him,92.27
Mothers Day Gift  Personalized Wine Gift for Her  Wine Cork Holder  Gift for Boyfriend / Girlfriend  Wine Gift for Husband & Wife,89.9
Wedding Neon Sign Custom/Neon Light for Home Decor/Neon Sign Wedding/Neon Name Sign for Wedding Decor/Led Sign/Wedding Decor,73.0
Personalized New Mom Baby Shower Gift - Custom Baby Name Heirloom Keepsake Quilt - Embroidered Monogram Blanket for Baby Girl or Boy,54.95
World Map Push Pin Wall Art  Cork World Map Board  Wooden World Map Travel Map  Pin Board Apartment Decor  Above Bed Decor,144.9
Custom Whiskey Glass Set with Whiskey Stones and Wood Box  Christmas gift  Engraved Scotch Glass  Birthday Gift for Dad,46.9
Sakura Ceramic Matcha Set Creative Matcha Bowl with Bamboo Whisk and Chasen Holders,35.62
Custom Metal Sign Name Metal Sign Family Name Sign,42.94
Atomic Wall Clock Wood  Mid Century Modern Wall Clock  Starburst Large Wall Clock  Wall Clock Unique  Wall Clock Farmhouse  Retro Wall Clock,59.5
Custom Vinyl Lyrics Print  Personalised Music Poster  Customizable Music Gift  Anniversary Gift  Music Gift  Wedding Song Dance  A1/A2/A3/A4,12.9
Personalized Couple Portrait Photo as Anniversary Gift. Custom Photo on Wood  Engraved Photo on Wood with Watercolor Style  Custom Wall Art.,30.83
Wooden Dinosaurs Carvings  3D Natural Animal Decoration with light Wooden Dinosaur Scene Dinosaur Desktop Ornaments Dinosaur Toys For Child,15.99
